<?xml version="1.0" encoding="utf-8" ?>
<dwsync>
<file name="180145-r7-250-220x105.jpg" server="ftp.livrofoundation.com.br//public_html/" local="130357597000000000" remote="130577911800000000" Dst="1" />
<file name="190108-vaio-pro-11-250-220x105.jpg" server="ftp.livrofoundation.com.br//public_html/" local="130357596920000000" remote="130577911800000000" Dst="1" />
<file name="9450328689.gif" server="ftp.livrofoundation.com.br//public_html/" local="130357604600000000" remote="130577911800000000" Dst="1" />
<file name="apple-touch-icon.png" server="ftp.livrofoundation.com.br//public_html/" local="130357607680000000" remote="130577911800000000" Dst="1" />
<file name="BANNER-PARA-ANUNCIOS.jpg" server="ftp.livrofoundation.com.br//public_html/" local="130357595960000000" remote="130577911800000000" Dst="1" />
<file name="banner.gif" server="ftp.livrofoundation.com.br//public_html/" local="130357747480000000" remote="130577911800000000" Dst="1" />
<file name="bg-header.png" server="ftp.livrofoundation.com.br//public_html/" local="130357605480000000" remote="130577911800000000" Dst="1" />
<file name="bg-header905.png" server="ftp.livrofoundation.com.br//public_html/" local="130413689921718924" remote="130577911800000000" Dst="1" />
<file name="border-header.png" server="ftp.livrofoundation.com.br//public_html/" local="130357605600000000" remote="130577911800000000" Dst="1" />
<file name="branding.png" server="ftp.livrofoundation.com.br//public_html/" local="130357599000000000" remote="130577911800000000" Dst="1" />
<file name="BUSCA.jpg" server="ftp.livrofoundation.com.br//public_html/" local="130357596020000000" remote="130577911800000000" Dst="1" />
<file name="branding-title.png" server="ftp.livrofoundation.com.br//public_html/" local="130357605820000000" remote="130577911800000000" Dst="1" />
<file name="cloud.jpg" server="ftp.livrofoundation.com.br//public_html/" local="130357598280000000" remote="130577911800000000" Dst="1" />
<file name="DialHost_marcareduzida_r00.png" server="ftp.livrofoundation.com.br//public_html/" local="130357599100000000" remote="130577911800000000" Dst="1" />
<file name="favicon.png" server="ftp.livrofoundation.com.br//public_html/" local="130357606180000000" remote="130577911800000000" Dst="1" />
<file name="franzini2-128x128.jpg" server="ftp.livrofoundation.com.br//public_html/" local="130357596680000000" remote="130577911800000000" Dst="1" />
<file name="GOOGLE-now.jpg" server="ftp.livrofoundation.com.br//public_html/" local="130357598560000000" remote="130577911800000000" Dst="1" />
<file name="header-logo.png" server="ftp.livrofoundation.com.br//public_html/" local="130357595820000000" remote="130577911800000000" Dst="1" />
<file name="icon-navglobal.png" server="ftp.livrofoundation.com.br//public_html/" local="130357606320000000" remote="130577911800000000" Dst="1" />
<file name="icons.png" server="ftp.livrofoundation.com.br//public_html/" local="130357606400000000" remote="130577911800000000" Dst="1" />
<file name="info_perfil-128x128.jpeg" server="ftp.livrofoundation.com.br//public_html/" local="130357598080000000" remote="130577911800000000" Dst="1" />
<file name="imasters_cpbr.png" server="ftp.livrofoundation.com.br//public_html/" local="130357598480000000" remote="130577911800000000" Dst="1" />
<file name="juju.jpg" server="ftp.livrofoundation.com.br//public_html/" local="130357598220000000" remote="130577911800000000" Dst="1" />
<file name="leonardolitz1-128x128.jpg" server="ftp.livrofoundation.com.br//public_html/" local="130357596780000000" remote="130577911800000000" Dst="1" />
<file name="lgrt.gif" server="ftp.livrofoundation.com.br//public_html/" local="130357607780000000" remote="130577911800000000" Dst="1" />
<file name="ludolf-128x128.png" server="ftp.livrofoundation.com.br//public_html/" local="130357596620000000" remote="130577911800000000" Dst="1" />
<file name="marcas_rodape_apiki.png" server="ftp.livrofoundation.com.br//public_html/" local="130357599160000000" remote="130577911800000000" Dst="1" />
<file name="marcas_rodape_intel.gif" server="ftp.livrofoundation.com.br//public_html/" local="130357599340000000" remote="130577911800000000" Dst="1" />
<file name="marcas_rodape_locaweb.jpg" server="ftp.livrofoundation.com.br//public_html/" local="130357599220000000" remote="130577911800000000" Dst="1" />
<file name="marcas_rodape_magento1.gif" server="ftp.livrofoundation.com.br//public_html/" local="130357599520000000" remote="130577911800000000" Dst="1" />
<file name="marcas_rodape_netrevenda.gif" server="ftp.livrofoundation.com.br//public_html/" local="130357599400000000" remote="130577911800000000" Dst="1" />
<file name="marcas_rodape_siteblindado4.gif" server="ftp.livrofoundation.com.br//public_html/" local="130357599640000000" remote="130577911800000000" Dst="1" />
<file name="marca_rodape_dotstore.png" server="ftp.livrofoundation.com.br//public_html/" local="130357599460000000" remote="130577911800000000" Dst="1" />
<file name="marca_rodape_sebrae.jpg" server="ftp.livrofoundation.com.br//public_html/" local="130357599580000000" remote="130577911800000000" Dst="1" />
<file name="max-dos-santos.jpg" server="ftp.livrofoundation.com.br//public_html/" local="130357597980000000" remote="130577911800000000" Dst="1" />
<file name="Mikrotik.jpg" server="ftp.livrofoundation.com.br//public_html/" local="130357598620000000" remote="130577911800000000" Dst="1" />
<file name="mkt-digital.jpg" server="ftp.livrofoundation.com.br//public_html/" local="130357598680000000" remote="130577912400000000" Dst="1" />
<file name="next_level.jpg" server="ftp.livrofoundation.com.br//public_html/" local="130357598420000000" remote="130577912400000000" Dst="1" />
<file name="PHP.jpg" server="ftp.livrofoundation.com.br//public_html/" local="130357596360000000" remote="130577912400000000" Dst="1" />
<file name="ping_match.gif" server="ftp.livrofoundation.com.br//public_html/" local="130357605180000000" remote="130577912400000000" Dst="1" />
<file name="photo-128x128.png" server="ftp.livrofoundation.com.br//public_html/" local="130357596860000000" remote="130577912400000000" Dst="1" />
<file name="qcad-222x140.jpg" server="ftp.livrofoundation.com.br//public_html/" local="130357598800000000" remote="130577912400000000" Dst="1" />
<file name="req id=9450328689&adID=${DD_UUID}&img=1.gif" server="ftp.livrofoundation.com.br//public_html/" local="130357604840000000" remote="130577912400000000" Dst="1" />
<file name="search.png" server="ftp.livrofoundation.com.br//public_html/" local="130357606900000000" remote="130577912400000000" Dst="1" />
<file name="social-buttons.png" server="ftp.livrofoundation.com.br//public_html/" local="130357607040000000" remote="130577912400000000" Dst="1" />
<file name="twitter1.jpg" server="ftp.livrofoundation.com.br//public_html/" local="130357596300000000" remote="130577912400000000" Dst="1" />
<file name="zeno.jpg" server="ftp.livrofoundation.com.br//public_html/" local="130357598360000000" remote="130577912400000000" Dst="1" />
<file name="180145-r7-250-220x105.jpg" server="ftp.livrosdomaujor.com.br//public_html/" local="130357597000000000" remote="130843024200000000" Dst="1" />
<file name="190108-vaio-pro-11-250-220x105.jpg" server="ftp.livrosdomaujor.com.br//public_html/" local="130357596920000000" remote="130843024200000000" Dst="1" />
<file name="9450328689.gif" server="ftp.livrosdomaujor.com.br//public_html/" local="130357604600000000" remote="130843024200000000" Dst="1" />
<file name="apple-touch-icon.png" server="ftp.livrosdomaujor.com.br//public_html/" local="130357607680000000" remote="130843024200000000" Dst="1" />
<file name="banner-para-anuncios.jpg" server="ftp.livrosdomaujor.com.br//public_html/" local="130357595960000000" remote="130843024200000000" Dst="1" />
<file name="banner.gif" server="ftp.livrosdomaujor.com.br//public_html/" local="130357747480000000" remote="130843024200000000" Dst="1" />
<file name="bg-header.png" server="ftp.livrosdomaujor.com.br//public_html/" local="130357605480000000" remote="130843024200000000" Dst="1" />
<file name="border-header.png" server="ftp.livrosdomaujor.com.br//public_html/" local="130357605600000000" remote="130843024200000000" Dst="1" />
<file name="bg-header905.png" server="ftp.livrosdomaujor.com.br//public_html/" local="130413689921718924" remote="130843024200000000" Dst="1" />
<file name="branding-title.png" server="ftp.livrosdomaujor.com.br//public_html/" local="130357605820000000" remote="130843024200000000" Dst="1" />
<file name="branding.png" server="ftp.livrosdomaujor.com.br//public_html/" local="130357599000000000" remote="130843024200000000" Dst="1" />
<file name="busca.jpg" server="ftp.livrosdomaujor.com.br//public_html/" local="130357596020000000" remote="130843024200000000" Dst="1" />
<file name="cloud.jpg" server="ftp.livrosdomaujor.com.br//public_html/" local="130357598280000000" remote="130843024200000000" Dst="1" />
<file name="DialHost_marcareduzida_r00.png" server="ftp.livrosdomaujor.com.br//public_html/" local="130357599100000000" remote="130843024200000000" Dst="1" />
<file name="favicon.png" server="ftp.livrosdomaujor.com.br//public_html/" local="130357606180000000" remote="130843024200000000" Dst="1" />
<file name="franzini2-128x128.jpg" server="ftp.livrosdomaujor.com.br//public_html/" local="130357596680000000" remote="130843024200000000" Dst="1" />
<file name="google-now.jpg" server="ftp.livrosdomaujor.com.br//public_html/" local="130357598560000000" remote="130843024200000000" Dst="1" />
<file name="header-logo.png" server="ftp.livrosdomaujor.com.br//public_html/" local="130357595820000000" remote="130843024200000000" Dst="1" />
<file name="icon-navglobal.png" server="ftp.livrosdomaujor.com.br//public_html/" local="130357606320000000" remote="130843024200000000" Dst="1" />
<file name="icons.png" server="ftp.livrosdomaujor.com.br//public_html/" local="130357606400000000" remote="130843024200000000" Dst="1" />
<file name="info_perfil-128x128.jpeg" server="ftp.livrosdomaujor.com.br//public_html/" local="130357598080000000" remote="130843024200000000" Dst="1" />
<file name="imasters_cpbr.png" server="ftp.livrosdomaujor.com.br//public_html/" local="130357598480000000" remote="130843024200000000" Dst="1" />
<file name="juju.jpg" server="ftp.livrosdomaujor.com.br//public_html/" local="130357598220000000" remote="130843024200000000" Dst="1" />
<file name="leonardolitz1-128x128.jpg" server="ftp.livrosdomaujor.com.br//public_html/" local="130357596780000000" remote="130843024200000000" Dst="1" />
<file name="lgrt.gif" server="ftp.livrosdomaujor.com.br//public_html/" local="130357607780000000" remote="130843024200000000" Dst="1" />
<file name="ludolf-128x128.png" server="ftp.livrosdomaujor.com.br//public_html/" local="130357596620000000" remote="130843024200000000" Dst="1" />
<file name="marcas_rodape_apiki.png" server="ftp.livrosdomaujor.com.br//public_html/" local="130357599160000000" remote="130843024200000000" Dst="1" />
<file name="marcas_rodape_intel.gif" server="ftp.livrosdomaujor.com.br//public_html/" local="130357599340000000" remote="130843024200000000" Dst="1" />
<file name="marcas_rodape_locaweb.jpg" server="ftp.livrosdomaujor.com.br//public_html/" local="130357599220000000" remote="130843024200000000" Dst="1" />
<file name="marcas_rodape_magento1.gif" server="ftp.livrosdomaujor.com.br//public_html/" local="130357599520000000" remote="130843024200000000" Dst="1" />
<file name="marcas_rodape_netrevenda.gif" server="ftp.livrosdomaujor.com.br//public_html/" local="130357599400000000" remote="130843024200000000" Dst="1" />
<file name="marcas_rodape_siteblindado4.gif" server="ftp.livrosdomaujor.com.br//public_html/" local="130357599640000000" remote="130843024200000000" Dst="1" />
<file name="marca_rodape_dotstore.png" server="ftp.livrosdomaujor.com.br//public_html/" local="130357599460000000" remote="130843024200000000" Dst="1" />
<file name="marca_rodape_sebrae.jpg" server="ftp.livrosdomaujor.com.br//public_html/" local="130357599580000000" remote="130843024200000000" Dst="1" />
<file name="max-dos-santos.jpg" server="ftp.livrosdomaujor.com.br//public_html/" local="130357597980000000" remote="130843024200000000" Dst="1" />
<file name="Mikrotik.jpg" server="ftp.livrosdomaujor.com.br//public_html/" local="130357598620000000" remote="130843024200000000" Dst="1" />
<file name="mkt-digital.jpg" server="ftp.livrosdomaujor.com.br//public_html/" local="130357598680000000" remote="130843024200000000" Dst="1" />
<file name="next_level.jpg" server="ftp.livrosdomaujor.com.br//public_html/" local="130357598420000000" remote="130843024200000000" Dst="1" />
<file name="photo-128x128.png" server="ftp.livrosdomaujor.com.br//public_html/" local="130357596860000000" remote="130843024200000000" Dst="1" />
<file name="PHP.jpg" server="ftp.livrosdomaujor.com.br//public_html/" local="130357596360000000" remote="130843024200000000" Dst="1" />
<file name="ping_match.gif" server="ftp.livrosdomaujor.com.br//public_html/" local="130357605180000000" remote="130843024200000000" Dst="1" />
<file name="qcad-222x140.jpg" server="ftp.livrosdomaujor.com.br//public_html/" local="130357598800000000" remote="130843024200000000" Dst="1" />
<file name="req id=9450328689&adID=${DD_UUID}&img=1.gif" server="ftp.livrosdomaujor.com.br//public_html/" local="130357604840000000" remote="130843024200000000" Dst="1" />
<file name="search.png" server="ftp.livrosdomaujor.com.br//public_html/" local="130357606900000000" remote="130843024200000000" Dst="1" />
<file name="social-buttons.png" server="ftp.livrosdomaujor.com.br//public_html/" local="130357607040000000" remote="130843024200000000" Dst="1" />
<file name="twitter1.jpg" server="ftp.livrosdomaujor.com.br//public_html/" local="130357596300000000" remote="130843024200000000" Dst="1" />
<file name="zeno.jpg" server="ftp.livrosdomaujor.com.br//public_html/" local="130357598360000000" remote="130843024200000000" Dst="1" />
</dwsync>