<?xml version="1.0" encoding="utf-8" ?>
<dwsync>
<file name="banner-para-anuncios.jpg" server="ftp.livrofoundation.com.br//public_html/" local="130509013599416872" remote="130577911800000000" Dst="1" />
<file name="branding.png" server="ftp.livrofoundation.com.br//public_html/" local="130357599000000000" remote="130577911800000000" Dst="1" />
<file name="busca.jpg" server="ftp.livrofoundation.com.br//public_html/" local="130509013443046337" remote="130577911800000000" Dst="1" />
<file name="facebook.png" server="ftp.livrofoundation.com.br//public_html/" local="130507894329752292" remote="130577911800000000" Dst="1" />
<file name="github.png" server="ftp.livrofoundation.com.br//public_html/" local="130507894888127457" remote="130577911800000000" Dst="1" />
<file name="gplus.png" server="ftp.livrofoundation.com.br//public_html/" local="130507895476886090" remote="130577911800000000" Dst="1" />
<file name="icon-navsup.png" server="ftp.livrofoundation.com.br//public_html/" local="130357606320000000" remote="130577911800000000" Dst="1" />
<file name="linkedin.png" server="ftp.livrofoundation.com.br//public_html/" local="130507895121132452" remote="130577911800000000" Dst="1" />
<file name="mapa-site.png" server="ftp.livrofoundation.com.br//public_html/" local="130509679135673970" remote="130577911800000000" Dst="1" />
<file name="php.jpg" server="ftp.livrofoundation.com.br//public_html/" local="130509013005140486" remote="130577911800000000" Dst="1" />
<file name="search.png" server="ftp.livrofoundation.com.br//public_html/" local="130357606900000000" remote="130577911800000000" Dst="1" />
<file name="rss.png" server="ftp.livrofoundation.com.br//public_html/" local="130507895284586824" remote="130577911800000000" Dst="1" />
<file name="twitter.png" server="ftp.livrofoundation.com.br//public_html/" local="130507894527388242" remote="130577911800000000" Dst="1" />
<file name="twitter1.jpg" server="ftp.livrofoundation.com.br//public_html/" local="130509013244448878" remote="130577911800000000" Dst="1" />
<file name="banner-para-anuncios.jpg" server="ftp.livrosdomaujor.com.br//public_html/" local="130509013599416872" remote="130843024200000000" Dst="1" />
<file name="bg-header.png" server="ftp.livrosdomaujor.com.br//public_html/" local="130841652541344734" remote="130843024200000000" Dst="1" />
<file name="branding.png" server="ftp.livrosdomaujor.com.br//public_html/" local="130357599000000000" remote="130843024200000000" Dst="1" />
<file name="busca.jpg" server="ftp.livrosdomaujor.com.br//public_html/" local="130509013443046337" remote="130843024200000000" Dst="1" />
<file name="facebook.png" server="ftp.livrosdomaujor.com.br//public_html/" local="130507894329752292" remote="130843024200000000" Dst="1" />
<file name="github.png" server="ftp.livrosdomaujor.com.br//public_html/" local="130507894888127457" remote="130843024200000000" Dst="1" />
<file name="gplus.png" server="ftp.livrosdomaujor.com.br//public_html/" local="130507895476886090" remote="130843024200000000" Dst="1" />
<file name="icon-navsup.png" server="ftp.livrosdomaujor.com.br//public_html/" local="130357606320000000" remote="130843024200000000" Dst="1" />
<file name="linkedin.png" server="ftp.livrosdomaujor.com.br//public_html/" local="130507895121132452" remote="130843024200000000" Dst="1" />
<file name="php.jpg" server="ftp.livrosdomaujor.com.br//public_html/" local="130509013005140486" remote="130843024200000000" Dst="1" />
<file name="rss.png" server="ftp.livrosdomaujor.com.br//public_html/" local="130507895284586824" remote="130843024200000000" Dst="1" />
<file name="mapa-site.png" server="ftp.livrosdomaujor.com.br//public_html/" local="130509679135673970" remote="130843024200000000" Dst="1" />
<file name="search.png" server="ftp.livrosdomaujor.com.br//public_html/" local="130357606900000000" remote="130843024200000000" Dst="1" />
<file name="twitter1.jpg" server="ftp.livrosdomaujor.com.br//public_html/" local="130509013244448878" remote="130843024200000000" Dst="1" />
<file name="twitter.png" server="ftp.livrosdomaujor.com.br//public_html/" local="130507894527388242" remote="130843024200000000" Dst="1" />
</dwsync>