<?xml version="1.0" encoding="utf-8" ?>
<dwsync>
<file name="1.css" server="ftp.livrofoundation.com.br//public_html/" local="130419549150334886" remote="130577911800000000" Dst="1" />
<file name="2.css" server="ftp.livrofoundation.com.br//public_html/" local="130419549151428684" remote="130577911800000000" Dst="1" />
<file name="3.css" server="ftp.livrofoundation.com.br//public_html/" local="130419549152522494" remote="130577911800000000" Dst="1" />
<file name="4.css" server="ftp.livrofoundation.com.br//public_html/" local="130419549143303275" remote="130577911800000000" Dst="1" />
<file name="5.css" server="ftp.livrofoundation.com.br//public_html/" local="130419549153772555" remote="130577911800000000" Dst="1" />
<file name="6.css" server="ftp.livrofoundation.com.br//public_html/" local="130419549155335120" remote="130577911800000000" Dst="1" />
<file name="7-estudo.css" server="ftp.livrofoundation.com.br//public_html/" local="130419549147834752" remote="130577911800000000" Dst="1" />
<file name="7.css" server="ftp.livrofoundation.com.br//public_html/" local="130419549148928558" remote="130577911800000000" Dst="1" />
<file name="style.css" server="ftp.livrofoundation.com.br//public_html/" local="130361126943104083" remote="130577911800000000" Dst="1" />
<file name="1.css" server="ftp.livrosdomaujor.com.br//public_html/" local="130419549150334886" remote="130843024200000000" Dst="1" />
<file name="2.css" server="ftp.livrosdomaujor.com.br//public_html/" local="130419549151428684" remote="130843024200000000" Dst="1" />
<file name="3.css" server="ftp.livrosdomaujor.com.br//public_html/" local="130419549152522494" remote="130843024200000000" Dst="1" />
<file name="4.css" server="ftp.livrosdomaujor.com.br//public_html/" local="130419549143303275" remote="130843024200000000" Dst="1" />
<file name="5.css" server="ftp.livrosdomaujor.com.br//public_html/" local="130419549153772555" remote="130843024200000000" Dst="1" />
<file name="6.css" server="ftp.livrosdomaujor.com.br//public_html/" local="130419549155335120" remote="130843024200000000" Dst="1" />
<file name="7-estudo.css" server="ftp.livrosdomaujor.com.br//public_html/" local="130419549147834752" remote="130843024200000000" Dst="1" />
<file name="7.css" server="ftp.livrosdomaujor.com.br//public_html/" local="130419549148928558" remote="130843024200000000" Dst="1" />
<file name="style.css" server="ftp.livrosdomaujor.com.br//public_html/" local="130361126943104083" remote="130843024200000000" Dst="1" />
</dwsync>